# This is an example file, not authoritative in any way.
# It naively lists the intersection of variants between STAVE and WHO target markers,
# without any further exclusion criteria applied.
# This file should contain single-locus variant strings only.
variant_string
crt:76:K
crt:76:T
k13:441:L
k13:441:P
k13:446:F
k13:446:I
k13:458:N
k13:469:C
k13:469:F
k13:469:Y
k13:476:I
k13:476:M
k13:493:H
k13:493:Y
k13:537:N
k13:538:G
k13:539:R
k13:539:T
k13:543:I
k13:553:L
k13:553:P
k13:561:H
k13:561:R
k13:568:G
k13:568:V
k13:574:L
k13:574:P
k13:580:C
k13:580:Y
k13:622:I
k13:622:R
k13:675:A
k13:675:V
mdr1:86:N
mdr1:86:Y
k13:441_446:L_I
